{
    "google_maps": {
        "_comment": "Personal API key for google maps API servce",
        "api_key": ""

    },

    "mongodb_dev": {
        "_comment": "Database URL path for dev",
        "db_url": "mongodb://localhost/app_db"
    },

    "mongodb_test": {
        "_comment": "Database URL path for testing",
        "db_url": "mongodb://localhost/app_db_test"
    },

    "mongodb_prod": {
        "_comment": "Database URL path for prod",
        "db_url": ""
    },

    "jwt": {
        "_comment": "Private key with passphrase object to be used for generating tokens",
        "key": "passphrase"
    },

    "other_secret_type": {
      "_comment": "Any API keys or other password-type strings can be stored like this.",
      "specific_secret_component":"component",
      "second_secret_component": "component"
    }
}
